Date,SP500
11/13/20,3585.15
11/16/20,3626.91
11/17/20,3609.53
11/18/20,3567.79
11/19/20,3581.87
11/20/20,3557.54
11/23/20,3577.59
11/24/20,3635.41
11/25/20,3629.65
11/27/20,3638.35
11/30/20,3621.63
12/1/20,3662.45
12/2/20,3669.01
12/3/20,3666.72
12/4/20,3699.12
12/7/20,3691.96
12/8/20,3702.25
12/9/20,3672.82
12/10/20,3668.1
12/11/20,3663.46
12/14/20,3647.49
12/15/20,3694.62
12/16/20,3701.17
12/17/20,3722.48
12/18/20,3709.41
12/21/20,3694.92
12/22/20,3687.26
12/23/20,3690.01
12/24/20,3703.06
12/28/20,3735.36
12/29/20,3727.04
12/30/20,3732.04
12/31/20,3756.07
1/4/21,3700.65
1/5/21,3726.86
1/6/21,3748.14
1/7/21,3803.79
1/8/21,3824.68
1/11/21,3799.61
1/12/21,3801.19
1/13/21,3809.84
1/14/21,3795.54
1/15/21,3768.25
1/19/21,3798.91
1/20/21,3851.85
1/21/21,3853.07
1/22/21,3841.47
1/25/21,3855.36
1/26/21,3849.62
1/27/21,3750.77
1/28/21,3787.38
1/29/21,3714.24
2/1/21,3773.86
2/2/21,3826.31
2/3/21,3830.17
2/4/21,3871.74
2/5/21,3886.83
2/8/21,3915.59
2/9/21,3911.23
2/10/21,3909.88
2/11/21,3916.38
2/12/21,3934.83
2/16/21,3932.59
2/17/21,3931.33
2/18/21,3913.97
2/19/21,3906.71
2/22/21,3876.5
2/23/21,3881.37
2/24/21,3925.43
2/25/21,3829.34
2/26/21,3811.15
3/1/21,3901.82
3/2/21,3870.29
3/3/21,3819.72
3/4/21,3768.47
3/5/21,3841.94
3/8/21,3821.35
3/9/21,3875.44
3/10/21,3898.81
3/11/21,3939.34
3/12/21,3943.34
3/15/21,3968.94
3/16/21,3962.71
3/17/21,3974.12
3/18/21,3915.46
3/19/21,3913.1
3/22/21,3940.59
3/23/21,3910.52
3/24/21,3889.14
3/25/21,3909.52
3/26/21,3974.54
3/29/21,3971.09
3/30/21,3958.55
3/31/21,3972.89
4/1/21,4019.87
4/5/21,4077.91
4/6/21,4073.94
4/7/21,4079.95
4/8/21,4097.17
4/9/21,4128.8
4/12/21,4127.99
4/13/21,4141.59
4/14/21,4124.66
4/15/21,4170.42
4/16/21,4185.47
4/19/21,4163.26
4/20/21,4134.94
4/21/21,4173.42
4/22/21,4134.98
4/23/21,4180.17
4/26/21,4187.62
4/27/21,4186.72
4/28/21,4183.18
4/29/21,4211.47
4/30/21,4181.17
5/3/21,4192.66
5/4/21,4164.66
5/5/21,4167.59
5/6/21,4201.62
5/7/21,4232.6
5/10/21,4188.43
5/11/21,4152.1
5/12/21,4063.04
5/13/21,4112.5
5/14/21,4173.85
5/17/21,4163.29
5/18/21,4127.83
5/19/21,4115.68
5/20/21,4159.12
5/21/21,4155.86
5/24/21,4197.05
5/25/21,4188.13
5/26/21,4195.99
5/27/21,4200.88
5/28/21,4204.11
6/1/21,4202.04
6/2/21,4208.12
6/3/21,4192.85
6/4/21,4229.89
6/7/21,4226.52
6/8/21,4227.26
6/9/21,4219.55
6/10/21,4239.18
6/11/21,4247.44
6/14/21,4255.15
6/15/21,4246.59
6/16/21,4223.7
6/17/21,4221.86
6/18/21,4166.45
6/21/21,4224.79
6/22/21,4246.44
6/23/21,4241.84
6/24/21,4266.49
6/25/21,4280.7
6/28/21,4290.61
6/29/21,4291.8
6/30/21,4297.5
7/1/21,4319.94
7/2/21,4352.34
7/6/21,4343.54
7/7/21,4358.13
7/8/21,4320.82
7/9/21,4369.55
7/12/21,4384.63
7/13/21,4369.21
7/14/21,4374.3
7/15/21,4360.03
7/16/21,4327.16
7/19/21,4258.49
7/20/21,4323.06
7/21/21,4358.69
7/22/21,4367.48
7/23/21,4411.79
7/26/21,4422.3
7/27/21,4401.46
7/28/21,4400.64
7/29/21,4419.15
7/30/21,4395.26
8/2/21,4387.16
8/3/21,4423.15
8/4/21,4402.66
8/5/21,4429.1
8/6/21,4436.52
8/9/21,4432.35
8/10/21,4436.75
8/11/21,4447.7
8/12/21,4460.83
8/13/21,4468
8/16/21,4479.71
8/17/21,4448.08
8/18/21,4400.27
8/19/21,4405.8
8/20/21,4441.67
8/23/21,4479.53
8/24/21,4486.23
8/25/21,4496.19
8/26/21,4470
8/27/21,4509.37
8/30/21,4528.79
8/31/21,4522.68
9/1/21,4524.09
9/2/21,4536.95
9/3/21,4535.43
9/7/21,4520.03
9/8/21,4514.07
9/9/21,4493.28
9/10/21,4458.58
9/13/21,4468.73
9/14/21,4443.05
9/15/21,4480.7
9/16/21,4473.75
9/17/21,4432.99
9/20/21,4357.73
9/21/21,4354.19
9/22/21,4395.64
9/23/21,4448.98
9/24/21,4455.48
9/27/21,4443.11
9/28/21,4352.63
9/29/21,4359.46
9/30/21,4307.54
10/1/21,4357.04
10/4/21,4300.46
10/5/21,4345.72
10/6/21,4363.55
10/7/21,4399.76
10/8/21,4391.34
10/11/21,4361.19
10/12/21,4350.65
10/13/21,4363.8
10/14/21,4438.26
10/15/21,4471.37
10/18/21,4486.46
10/19/21,4519.63
10/20/21,4536.19
10/21/21,4549.78
10/22/21,4544.9
10/25/21,4566.48
10/26/21,4574.79
10/27/21,4551.68
10/28/21,4596.42
10/29/21,4605.38
11/1/21,4613.67
11/2/21,4630.65
11/3/21,4660.57
11/4/21,4680.06
11/5/21,4697.53
11/8/21,4701.7
11/9/21,4685.25
11/10/21,4646.71
11/11/21,4649.27
11/12/21,4682.85
11/15/21,4682.8
11/16/21,4700.9
11/17/21,4688.67
11/18/21,4704.54
11/19/21,4697.96
11/22/21,4682.94
11/23/21,4690.7
11/24/21,4701.46
11/26/21,4594.62
11/29/21,4655.27
11/30/21,4567
12/1/21,4513.04
12/2/21,4577.1
12/3/21,4538.43
12/6/21,4591.67
12/7/21,4686.75
12/8/21,4701.21
12/9/21,4667.45
12/10/21,4712.02
12/13/21,4668.97
12/14/21,4634.09
12/15/21,4709.85
12/16/21,4668.67
12/17/21,4620.64
12/20/21,4568.02
12/21/21,4649.23
12/22/21,4696.56
12/23/21,4725.79
12/27/21,4791.19
12/28/21,4786.35
12/29/21,4793.06
12/30/21,4778.73
12/31/21,4766.18
1/3/22,4796.56
1/4/22,4793.54
1/5/22,4700.58
1/6/22,4696.05
1/7/22,4677.03
1/10/22,4670.29
1/11/22,4713.07
1/12/22,4726.35
1/13/22,4659.03
1/14/22,4662.85
1/18/22,4577.11
1/19/22,4532.76
1/20/22,4482.73
1/21/22,4397.94
1/24/22,4410.13
1/25/22,4356.45
1/26/22,4349.93
1/27/22,4326.51
1/28/22,4431.85
1/31/22,4515.55
2/1/22,4546.54
2/2/22,4589.38
2/3/22,4477.44
2/4/22,4500.53
2/7/22,4483.87
2/8/22,4521.54
2/9/22,4587.18
2/10/22,4504.08
2/11/22,4418.64
2/14/22,4401.67
2/15/22,4471.07
2/16/22,4475.01
2/17/22,4380.26
2/18/22,4348.87
2/22/22,4304.76
2/23/22,4225.5
2/24/22,4288.7
2/25/22,4384.65
2/28/22,4373.94
3/1/22,4306.26
3/2/22,4386.54
3/3/22,4363.49
3/4/22,4328.87
3/7/22,4201.09
3/8/22,4170.7
3/9/22,4277.88
3/10/22,4259.52
3/11/22,4204.31
3/14/22,4173.11
3/15/22,4262.45
3/16/22,4357.86
3/17/22,4411.67
3/18/22,4463.12
3/21/22,4461.18
3/22/22,4511.61
3/23/22,4456.24
3/24/22,4520.16
3/25/22,4543.06
3/28/22,4575.52
3/29/22,4631.6
3/30/22,4602.45
3/31/22,4530.41
4/1/22,4545.86
4/4/22,4582.64
4/5/22,4525.12
4/6/22,4481.15
4/7/22,4500.21
4/8/22,4488.28
4/11/22,4412.53
4/12/22,4397.45
4/13/22,4446.59
4/14/22,4392.59
4/18/22,4391.69
4/19/22,4462.21
4/20/22,4459.45
4/21/22,4393.66
4/22/22,4271.78
4/25/22,4296.12
4/26/22,4175.2
4/27/22,4183.96
4/28/22,4287.5
4/29/22,4131.93
5/2/22,4155.38
5/3/22,4175.48
5/4/22,4300.17
5/5/22,4146.87
5/6/22,4123.34
5/9/22,3991.24
5/10/22,4001.05
5/11/22,3935.18
5/12/22,3930.08
5/13/22,4023.89
5/16/22,4008.01
5/17/22,4088.85
5/18/22,3923.68
5/19/22,3900.79
5/20/22,3901.36
5/23/22,3973.75
5/24/22,3941.48
5/25/22,3978.73
5/26/22,4057.84
5/27/22,4158.24
5/31/22,4132.15
6/1/22,4101.23
6/2/22,4176.82
6/3/22,4108.54
6/6/22,4121.43
6/7/22,4160.68
6/8/22,4115.77
6/9/22,4017.82
6/10/22,3900.86
6/13/22,3749.63
6/14/22,3735.48
6/15/22,3789.99
6/16/22,3666.77
6/17/22,3674.84
6/21/22,3764.79
6/22/22,3759.89
6/23/22,3795.73
6/24/22,3911.74
6/27/22,3900.11
6/28/22,3821.55
6/29/22,3818.83
6/30/22,3785.38
7/1/22,3825.33
7/5/22,3831.39
7/6/22,3845.08
7/7/22,3902.62
7/8/22,3899.38
7/11/22,3854.43
7/12/22,3818.8
7/13/22,3801.78
7/14/22,3790.38
7/15/22,3863.16
7/18/22,3830.85
7/19/22,3936.69
7/20/22,3959.9
7/21/22,3998.95
7/22/22,3961.63
7/25/22,3966.84
7/26/22,3921.05
7/27/22,4023.61
7/28/22,4072.43
7/29/22,4130.29
8/1/22,4118.63
8/2/22,4091.19
8/3/22,4155.17
8/4/22,4151.94
8/5/22,4145.19
8/8/22,4140.06
8/9/22,4122.47
8/10/22,4210.24
8/11/22,4207.27
8/12/22,4280.15
8/15/22,4297.14
8/16/22,4305.2
8/17/22,4274.04
8/18/22,4283.74
8/19/22,4228.48
8/22/22,4137.99
8/23/22,4128.73
8/24/22,4140.77
8/25/22,4199.12
8/26/22,4057.66
8/29/22,4030.61
8/30/22,3986.16
8/31/22,3955
9/1/22,3966.85
9/2/22,3924.26
9/6/22,3908.19
9/7/22,3979.87
9/8/22,4006.18
9/9/22,4067.36
9/12/22,4110.41
9/13/22,3932.69
9/14/22,3946.01
9/15/22,3901.35
9/16/22,3873.33
9/19/22,3899.89
9/20/22,3855.93
9/21/22,3789.93
9/22/22,3757.99
9/23/22,3693.23
9/26/22,3655.04
9/27/22,3647.29
9/28/22,3719.04
9/29/22,3640.47
9/30/22,3585.62
10/3/22,3678.43
10/4/22,3790.93
10/5/22,3783.28
10/6/22,3744.52
10/7/22,3639.66
10/10/22,3612.39
10/11/22,3588.84
10/12/22,3577.03
10/13/22,3669.91
10/14/22,3583.07
10/17/22,3677.95
10/18/22,3719.98
10/19/22,3695.16
10/20/22,3665.78
10/21/22,3752.75
10/24/22,3797.34
10/25/22,3859.11
10/26/22,3830.6
10/27/22,3807.3
10/28/22,3901.06
10/31/22,3871.98
11/1/22,3856.1
11/2/22,3759.69
11/3/22,3719.89
11/4/22,3770.55
11/7/22,3806.8
11/8/22,3828.11
11/9/22,3748.57
11/10/22,3956.37
11/11/22,3992.93
11/14/22,3957.25
11/15/22,3991.73
11/16/22,3958.79
11/17/22,3946.56
11/18/22,3965.34
11/21/22,3949.94
11/22/22,4003.58
11/23/22,4027.26
11/25/22,4026.12
11/28/22,3963.94
11/29/22,3957.63
11/30/22,4080.11
12/1/22,4076.57
12/2/22,4071.7
12/5/22,3998.84
12/6/22,3941.26
12/7/22,3933.92
12/8/22,3963.51
12/9/22,3934.38
12/12/22,3990.56
12/13/22,4019.65
12/14/22,3995.32
12/15/22,3895.75
12/16/22,3852.36
12/19/22,3817.66
12/20/22,3821.62
12/21/22,3878.44
12/22/22,3822.39
12/23/22,3844.82
12/27/22,3829.25
12/28/22,3783.22
12/29/22,3849.28
12/30/22,3839.5
1/3/23,3824.14
1/4/23,3852.97
1/5/23,3808.1
1/6/23,3895.08
1/9/23,3892.09
1/10/23,3919.25
1/11/23,3969.61
1/12/23,3983.17
1/13/23,3999.09
1/17/23,3990.97
1/18/23,3928.86
1/19/23,3898.85
1/20/23,3972.61
1/23/23,4019.81
1/24/23,4016.95
1/25/23,4016.22
1/26/23,4060.43
1/27/23,4070.56
1/30/23,4017.77
1/31/23,4076.6
2/1/23,4119.21
2/2/23,4179.76
2/3/23,4136.48
2/6/23,4111.08
2/7/23,4164
2/8/23,4117.86
2/9/23,4081.5
2/10/23,4090.46
2/13/23,4137.29
2/14/23,4136.13
2/15/23,4147.6
2/16/23,4090.41
2/17/23,4079.09
2/21/23,3997.34
2/22/23,3991.05
2/23/23,4012.32
2/24/23,3970.04
2/27/23,3982.24
2/28/23,3970.15
3/1/23,3951.39
3/2/23,3981.35
3/3/23,4045.64
3/6/23,4048.42
3/7/23,3986.37
3/8/23,3992.01
3/9/23,3918.32
3/10/23,3861.59
3/13/23,3855.76
3/14/23,3919.29
3/15/23,3891.93
3/16/23,3960.28
3/17/23,3916.64
3/20/23,3951.57
3/21/23,4002.87
3/22/23,3936.97
3/23/23,3948.72
3/24/23,3970.99
3/27/23,3977.53
3/28/23,3971.27
3/29/23,4027.81
3/30/23,4050.83
3/31/23,4109.31
4/3/23,4124.51
4/4/23,4100.6
4/5/23,4090.38
4/6/23,4105.02
4/10/23,4109.11
4/11/23,4108.94
4/12/23,4091.95
4/13/23,4146.22
4/14/23,4137.64
4/17/23,4151.32
4/18/23,4154.87
4/19/23,4154.52
4/20/23,4129.79
4/21/23,4133.52
4/24/23,4137.04
4/25/23,4071.63
4/26/23,4055.99
4/27/23,4135.35
4/28/23,4169.48
5/1/23,4167.87
5/2/23,4119.58
5/3/23,4090.75
5/4/23,4061.22
5/5/23,4136.25
5/8/23,4138.12
5/9/23,4119.17
5/10/23,4137.64
5/11/23,4130.62
5/12/23,4124.08
5/15/23,4136.28
5/16/23,4109.9
5/17/23,4158.77
5/18/23,4198.05
5/19/23,4191.98
5/22/23,4192.63
5/23/23,4145.58
5/24/23,4115.24
5/25/23,4151.28
5/26/23,4205.45
5/30/23,4205.52
5/31/23,4179.83
6/1/23,4221.02
6/2/23,4282.37
6/5/23,4273.79
6/6/23,4283.85
6/7/23,4267.52
6/8/23,4293.93
6/9/23,4298.86
6/12/23,4338.93
6/13/23,4369.01
6/14/23,4372.59
6/15/23,4425.84
6/16/23,4409.59
6/20/23,4388.71
6/21/23,4365.69
6/22/23,4381.89
6/23/23,4348.33
6/26/23,4328.82
6/27/23,4378.41
6/28/23,4376.86
6/29/23,4396.44
6/30/23,4450.38
7/3/23,4455.59
7/5/23,4446.82
7/6/23,4411.59
7/7/23,4398.95
7/10/23,4409.53
7/11/23,4439.26
7/12/23,4472.16
7/13/23,4510.04
7/14/23,4505.42
7/17/23,4522.79
7/18/23,4554.98
7/19/23,4565.72
7/20/23,4534.87
7/21/23,4536.34
7/24/23,4554.64
7/25/23,4567.46
7/26/23,4566.75
7/27/23,4537.41
7/28/23,4582.23
7/31/23,4588.96
8/1/23,4576.73
8/2/23,4513.39
8/3/23,4501.89
8/4/23,4478.03
8/7/23,4518.44
8/8/23,4499.38
8/9/23,4467.71
8/10/23,4468.83
8/11/23,4464.05
8/14/23,4489.72
8/15/23,4437.86
8/16/23,4404.33
8/17/23,4370.36
8/18/23,4369.71
8/21/23,4399.77
8/22/23,4387.55
8/23/23,4436.01
8/24/23,4376.31
8/25/23,4405.71
8/28/23,4433.31
8/29/23,4497.63
8/30/23,4514.87
8/31/23,4507.66
9/1/23,4515.77
9/5/23,4496.83
9/6/23,4465.48
9/7/23,4451.14
9/8/23,4457.49
9/11/23,4487.46
9/12/23,4461.9
9/13/23,4467.44
9/14/23,4505.1
9/15/23,4450.32
9/18/23,4453.53
9/19/23,4443.95
9/20/23,4402.2
9/21/23,4330
9/22/23,4320.06
9/25/23,4337.44
9/26/23,4273.53
9/27/23,4274.51
9/28/23,4299.7
9/29/23,4288.05
10/2/23,4288.39
10/3/23,4229.45
10/4/23,4263.75
10/5/23,4258.19
10/6/23,4308.5
10/9/23,4335.66
10/10/23,4358.24
10/11/23,4376.95
10/12/23,4349.61
10/13/23,4327.78
10/16/23,4373.63
10/17/23,4373.2
10/18/23,4314.6
10/19/23,4278
10/20/23,4224.16
10/23/23,4217.04
10/24/23,4247.68
10/25/23,4186.77
10/26/23,4137.23
10/27/23,4117.37
10/30/23,4166.82
10/31/23,4193.8
11/1/23,4237.86
11/2/23,4317.78
11/3/23,4358.34
11/6/23,4365.98
11/7/23,4378.38
11/8/23,4382.78
11/9/23,4347.35
11/10/23,4415.24
11/13/23,4411.55
11/14/23,4495.7
11/15/23,4502.88
11/16/23,4508.24
11/17/23,4514.02
11/20/23,4547.38
11/21/23,4538.19
11/22/23,4556.62
11/24/23,4559.34
11/27/23,4550.43
11/28/23,4554.89
11/29/23,4550.58
11/30/23,4567.8
12/1/23,4594.63
12/4/23,4569.78
12/5/23,4567.18
12/6/23,4549.34
12/7/23,4585.59
12/8/23,4604.37
12/11/23,4622.44
12/12/23,4643.7
12/13/23,4707.09
12/14/23,4719.55
12/15/23,4719.19
12/18/23,4740.56
12/19/23,4768.37
12/20/23,4698.35
12/21/23,4746.75
12/22/23,4754.63
12/26/23,4774.75
12/27/23,4781.58
12/28/23,4783.35
12/29/23,4769.83
1/2/24,4742.83
1/3/24,4704.81
1/4/24,4688.68
1/5/24,4697.24
1/8/24,4763.54
1/9/24,4756.5
1/10/24,4783.45
1/11/24,4780.24
1/12/24,4783.83
1/16/24,4765.98
1/17/24,4739.21
1/18/24,4780.94
1/19/24,4839.81
1/22/24,4850.43
1/23/24,4864.6
1/24/24,4868.55
1/25/24,4894.16
1/26/24,4890.97
1/29/24,4927.93
1/30/24,4924.97
1/31/24,4845.65
2/1/24,4906.19
2/2/24,4958.61
2/5/24,4942.81
2/6/24,4954.23
2/7/24,4995.06
2/8/24,4997.91
2/9/24,5026.61
2/12/24,5021.84
2/13/24,4953.17
2/14/24,5000.62
2/15/24,5029.73
2/16/24,5005.57
2/20/24,4975.51
2/21/24,4981.8
2/22/24,5087.03
2/23/24,5088.8
2/26/24,5069.53
2/27/24,5078.18
2/28/24,5069.76
2/29/24,5096.27
3/1/24,5137.08
3/4/24,5130.95
3/5/24,5078.65
3/6/24,5104.76
3/7/24,5157.36
3/8/24,5123.69
3/11/24,5117.94
3/12/24,5175.27
3/13/24,5165.31
3/14/24,5150.48
3/15/24,5117.09
3/18/24,5149.42
3/19/24,5178.51
3/20/24,5224.62
3/21/24,5241.53
3/22/24,5234.18
3/25/24,5218.19
3/26/24,5203.58
3/27/24,5248.49
3/28/24,5254.35
4/1/24,5243.77
4/2/24,5205.81
4/3/24,5211.49
4/4/24,5147.21
4/5/24,5204.34
4/8/24,5202.39
4/9/24,5209.91
4/10/24,5160.64
4/11/24,5199.06
4/12/24,5123.41
4/15/24,5061.82
4/16/24,5051.41
4/17/24,5022.21
4/18/24,5011.12
4/19/24,4967.23
4/22/24,5010.6
4/23/24,5070.55
4/24/24,5071.63
4/25/24,5048.42
4/26/24,5099.96
4/29/24,5116.17
4/30/24,5035.69
5/1/24,5018.39
5/2/24,5064.2
5/3/24,5127.79
5/6/24,5180.74
5/7/24,5187.7
5/8/24,5187.67
5/9/24,5214.08
5/10/24,5222.68
5/13/24,5221.42
5/14/24,5246.68
5/15/24,5308.15
5/16/24,5297.1
5/17/24,5303.27
5/20/24,5308.13
5/21/24,5321.41
5/22/24,5307.01
5/23/24,5267.84
5/24/24,5304.72
5/28/24,5306.04
5/29/24,5266.95
5/30/24,5235.48
5/31/24,5277.51
6/3/24,5283.4
6/4/24,5291.34
6/5/24,5354.03
6/6/24,5352.96
6/7/24,5346.99
6/10/24,5360.79
6/11/24,5375.32
6/12/24,5421.03
6/13/24,5433.74
6/14/24,5431.6
6/17/24,5473.23
6/18/24,5487.03
6/20/24,5473.17
6/21/24,5464.62
6/24/24,5447.87
6/25/24,5469.3
6/26/24,5477.9
6/27/24,5482.87
6/28/24,5460.48
7/1/24,5475.09
7/2/24,5509.01
7/3/24,5537.02
7/5/24,5567.19
7/8/24,5572.85
7/9/24,5576.98
7/10/24,5633.91
7/11/24,5584.54
7/12/24,5615.35
7/15/24,5631.22
7/16/24,5667.2
7/17/24,5588.27
7/18/24,5544.59
7/19/24,5505
7/22/24,5564.41
7/23/24,5555.74
7/24/24,5427.13
7/25/24,5399.22
7/26/24,5459.1
7/29/24,5463.54
7/30/24,5436.44
7/31/24,5522.3
8/1/24,5446.68
8/2/24,5346.56
8/5/24,5186.33
8/6/24,5240.03
8/7/24,5199.5
8/8/24,5319.31
8/9/24,5344.16
8/12/24,5344.39
8/13/24,5434.43
8/14/24,5455.21
8/15/24,5543.22
8/16/24,5554.25
8/19/24,5608.25
8/20/24,5597.12
8/21/24,5620.85
8/22/24,5570.64
8/23/24,5634.61
8/26/24,5616.84
8/27/24,5625.8
8/28/24,5592.18
8/29/24,5591.96
8/30/24,5648.4
9/3/24,5528.93
9/4/24,5520.07
9/5/24,5503.41
9/6/24,5408.42
9/9/24,5471.05
9/10/24,5495.52
9/11/24,5554.13
9/12/24,5595.76
9/13/24,5626.02
9/16/24,5633.09
9/17/24,5634.58
9/18/24,5618.26
9/19/24,5713.64
9/20/24,5702.55
9/23/24,5718.57
9/24/24,5732.93
9/25/24,5722.26
9/26/24,5745.37
9/27/24,5738.17
9/30/24,5762.48
10/1/24,5708.75
10/2/24,5709.54
10/3/24,5699.94
10/4/24,5751.07
10/7/24,5695.94
10/8/24,5751.13
10/9/24,5792.04
10/10/24,5780.05
10/11/24,5815.03
10/14/24,5859.85
10/15/24,5815.26
10/16/24,5842.47
10/17/24,5841.47
10/18/24,5864.67
10/21/24,5853.98
10/22/24,5851.2
10/23/24,5797.42
10/24/24,5809.86
10/25/24,5808.12
10/28/24,5823.52
10/29/24,5832.92
10/30/24,5813.67
10/31/24,5705.45
11/1/24,5728.8
11/4/24,5712.69
11/5/24,5782.76
11/6/24,5929.04
11/7/24,5973.1
11/8/24,5995.54
11/11/24,6001.35
11/12/24,5983.99
11/13/24,5985.38
11/14/24,5949.17
11/15/24,5870.62
11/18/24,5893.62
11/19/24,5916.98
11/20/24,5917.11
11/21/24,5948.71
11/22/24,5969.34
11/25/24,5987.37
11/26/24,6021.63
11/27/24,5998.74
11/29/24,6032.38
12/2/24,6047.15
12/3/24,6049.88
12/4/24,6086.49
12/5/24,6075.11
12/6/24,6090.27
12/9/24,6052.85
12/10/24,6034.91
12/11/24,6084.19
12/12/24,6051.25
12/13/24,6051.09
12/16/24,6074.08
12/17/24,6050.61
12/18/24,5872.16
12/19/24,5867.08
12/20/24,5930.85
12/23/24,5974.07
12/24/24,6040.04
12/26/24,6037.59
12/27/24,5970.84
12/30/24,5906.94
12/31/24,5881.63
1/2/25,5868.55
1/3/25,5942.47
1/6/25,5975.38
1/7/25,5909.03
1/8/25,5918.25
1/10/25,5827.04
1/13/25,5836.22
1/14/25,5842.91
1/15/25,5949.91
1/16/25,5937.34
1/17/25,5996.66
1/21/25,6049.24
1/22/25,6086.37
1/23/25,6118.71
1/24/25,6101.24
1/27/25,6012.28
1/28/25,6067.7
1/29/25,6039.31
1/30/25,6071.17
1/31/25,6040.53
2/3/25,5994.57
2/4/25,6037.88
2/5/25,6061.48
2/6/25,6083.57
2/7/25,6025.99
2/10/25,6066.44
2/11/25,6068.5
2/12/25,6051.97
2/13/25,6115.07
2/14/25,6114.63
2/18/25,6129.58
2/19/25,6144.15
2/20/25,6117.52
2/21/25,6013.13
2/24/25,5983.25
2/25/25,5955.25
2/26/25,5956.06
2/27/25,5861.57
2/28/25,5954.5
3/3/25,5849.72
3/4/25,5778.15
3/5/25,5842.63
3/6/25,5738.52
3/7/25,5770.2
3/10/25,5614.56
3/11/25,5572.07
3/12/25,5599.3
3/13/25,5521.52
3/14/25,5638.94
3/17/25,5675.12
3/18/25,5614.66
3/19/25,5675.29
3/20/25,5662.89
3/21/25,5667.56
3/24/25,5767.57
3/25/25,5776.65
3/26/25,5712.2
3/27/25,5693.31
3/28/25,5580.94
3/31/25,5611.85
4/1/25,5633.07
4/2/25,5670.97
4/3/25,5396.52
4/4/25,5074.08
4/7/25,5062.25
4/8/25,4982.77
4/9/25,5456.9
4/10/25,5268.05
4/11/25,5363.36
4/14/25,5405.97
4/15/25,5396.63
4/16/25,5275.7
4/17/25,5282.7
4/21/25,5158.2
4/22/25,5287.76
4/23/25,5375.86
4/24/25,5484.77
4/25/25,5525.21
4/28/25,5528.75
4/29/25,5560.83
4/30/25,5569.06
5/1/25,5604.14
5/2/25,5686.67
5/5/25,5650.38
5/6/25,5606.91
5/7/25,5631.28
5/8/25,5663.94
5/9/25,5659.91
5/12/25,5844.19
5/13/25,5886.55
5/14/25,5892.58
5/15/25,5916.93
5/16/25,5958.38
5/19/25,5963.6
5/20/25,5940.46
5/21/25,5844.61
5/22/25,5842.01
5/23/25,5802.82
5/27/25,5921.54
5/28/25,5888.55
5/29/25,5912.17
5/30/25,5911.69
6/2/25,5935.94
6/3/25,5970.37
6/4/25,5970.81
6/5/25,5939.3
6/6/25,6000.36
6/9/25,6005.88
6/10/25,6038.81
6/11/25,6022.24
6/12/25,6045.26
6/13/25,5976.97
6/16/25,6033.11
6/17/25,5982.72
6/18/25,5980.87
6/20/25,5967.84
6/23/25,6025.17
6/24/25,6092.18
6/25/25,6092.16
6/26/25,6141.02
6/27/25,6173.07
6/30/25,6204.95
7/1/25,6198.01
7/2/25,6227.42
7/3/25,6279.35
7/7/25,6229.98
7/8/25,6225.52
7/9/25,6263.26
7/10/25,6280.46
7/11/25,6259.75
7/14/25,6268.56
7/15/25,6243.76
7/16/25,6263.7
7/17/25,6297.36
7/18/25,6296.79
7/21/25,6305.6
7/22/25,6309.62
7/23/25,6358.91
7/24/25,6363.35
7/25/25,6388.64
7/28/25,6389.77
7/29/25,6370.86
7/30/25,6362.9
7/31/25,6339.39
8/1/25,6238.01
8/4/25,6329.94
8/5/25,6299.19
8/6/25,6345.06
8/7/25,6340
8/8/25,6389.45
8/11/25,6373.45
8/12/25,6445.76
8/13/25,6466.58
8/14/25,6468.54
8/15/25,6449.8
8/18/25,6449.15
8/19/25,6411.37
8/20/25,6395.78
8/21/25,6370.17
8/22/25,6466.91
8/25/25,6439.32
8/26/25,6465.94
8/27/25,6481.4
8/28/25,6501.86
8/29/25,6460.26
9/2/25,6415.54
9/3/25,6448.26
9/4/25,6502.08
9/5/25,6481.5
9/8/25,6495.15
9/9/25,6512.61
9/10/25,6532.04
9/11/25,6587.47
9/12/25,6584.29
9/15/25,6615.28
9/16/25,6606.76
9/17/25,6600.35
9/18/25,6631.96
9/19/25,6664.36
9/22/25,6693.75
9/23/25,6656.92
9/24/25,6637.97
9/25/25,6604.72
9/26/25,6643.7
9/29/25,6661.21
9/30/25,6688.46
10/1/25,6711.2
10/2/25,6715.35
10/3/25,6715.79
10/6/25,6740.28
10/7/25,6714.59
10/8/25,6753.72
10/9/25,6735.11
10/10/25,6552.51
10/13/25,6654.72
10/14/25,6644.31
10/15/25,6671.06
10/16/25,6629.07
10/17/25,6664.01
10/20/25,6735.13
10/21/25,6735.35
10/22/25,6699.4
10/23/25,6738.44
10/24/25,6791.69
10/27/25,6875.16
10/28/25,6890.89
10/29/25,6890.59
10/30/25,6822.34
10/31/25,6840.2
11/3/25,6851.97
11/4/25,6771.55
11/5/25,6796.29
11/6/25,6720.32
11/7/25,6728.8
11/10/25,6832.43
11/11/25,6846.61
11/12/25,6850.92
11/13/25,6737.49